,"C","CA","CB","H","N","HA"
"A2",177,52.41,19.38,0,0,4.346
"A3",177.7,52.43,19.34,8.417,125.1,4.303
"V4",176.2,62.28,32.99,8.154,120.6,4.078
"Q5",175.6,55.66,29.68,8.461,125.4,4.329
"A6",177.4,52.55,19.4,8.393,127,4.266
"A7",177.7,52.49,19.42,8.279,124.1,4.282
"E8",176.3,56.47,30.54,8.343,121.1,4.263
"V9",175.9,62.33,32.82,8.197,123.3,4.072
"K10",176.5,55.96,33.22,8.453,127.2,4.398
"V11",176,62.07,33.03,8.341,123,4.157
"D12",176.8,54.43,41.42,8.521,125.2,4.606
"G13",174.5,45.6,0,8.472,110.9,3.995
"S14",174.3,58.6,64.03,8.259,116.4,4.433
"E15",174.6,54.77,29.72,8.409,124.5,0
"P16",177,63.37,32.14,0,0,4.397
"K17",176.7,56.27,32.83,8.462,122.3,4.29
"L18",177.3,54.92,42.85,8.185,123.9,4.423
"S19",175,58.13,64.23,8.46,118.2,4.437
"K20",177.7,58.1,32.58,8.576,123.3,4.187
"N21",176.4,54.61,38.56,8.462,118.9,4.582
"E22",177.6,57.73,30.04,8.178,122.4,4.228
"L23",178.4,56.85,42,8.229,122.7,4.153
"K24",177.7,57.82,32.68,8.017,120.5,4.152
"R25",177.4,57.64,30.69,7.988,121.3,4.163
"R26",177.1,57.24,30.63,8.204,121.9,4.232
"L27",178.1,56.03,42.33,8.166,122.9,4.268
"K28",176.8,57.08,32.96,8.103,121.8,4.221
"A29",178.2,52.97,19.18,8.137,125.1,4.281
"E30",177,56.91,30.49,8.302,121,4.239
"K31",176.8,56.82,32.97,8.28,123.3,4.247
"K32",177.1,56.75,32.99,8.298,123.4,4.313
"V33",176.3,62.99,32.83,8.122,122.6,4.019
"A34",178.4,53.02,19.15,8.351,127.7,4.284
"E35",177.2,57.4,30.3,8.392,121.2,4.201
"K36",177.3,57.41,32.96,8.269,122.2,4.219
"E37",177,57.28,30.27,8.328,122,4.203
"A38",178.6,53.33,19.08,8.27,125.5,4.235
"K39",177.3,56.89,32.78,8.207,120.8,4.252
"Q40",176.8,56.76,29.18,8.268,121.5,4.235
"K41",177.1,57.44,33.04,8.28,123,4.219
"E42",177.2,57.27,30.16,8.327,122,4.224
"L43",178,55.91,42.33,8.214,122.9,4.323
"S44",175.2,59.09,63.8,8.285,116.8,4.404
"E45",177.4,57.65,30.04,8.381,123,4.228
"K46",177.3,57.27,32.83,8.184,121.8,4.239
"Q47",176.8,56.6,29.3,8.22,121.1,4.272
"L48",178,55.91,42.34,8.257,123.5,4.325
"S49",175,58.91,63.68,8.237,116.7,4.411
"Q50",176.2,56.29,29.45,8.29,122.6,4.328
"A51",178.4,53.14,19.16,8.256,125.3,4.337
"T52",174.7,62.27,69.79,8.065,114,4.268
"A53",177.7,52.89,19.23,8.221,127,0
"A54",177.8,52.79,19.17,0,0,4.286
"A55",178.1,52.73,19.29,8.182,123.6,4.338
"T56",174.3,61.88,69.82,8.045,113.3,4.292
"N57",174.9,53.25,38.95,8.336,121.3,4.693
"H58",174.8,55.63,29.46,8.474,120.2,0
"aT59",174.7,62.13,69.86,0,0,4.412
"bT59",174.8,62.15,69.87,0,0,4.412
"cT59",174.8,62.11,69.86,8.313,116.4,4.412
"aT60",174.2,61.67,69.89,8.182,115.6,4.403
"bT60",174.3,61.88,69.84,8.228,116.2,4.403
"cT60",174.2,61.69,69.87,0,0,4.403
"aD61",176.1,54.45,41.27,0,0,4.63
"bD61",175,54.53,41.36,8.34,123.4,4.63
"cD61",175,54.55,41.36,0,0,4.63
"dD61",176,54.51,41.25,0,0,4.63
"aN62",175.9,53.52,38.93,8.435,120.1,4.683
"bD62",176.9,54.67,41.15,8.287,121.5,4.683
"ciD62",176.2,41.13,54.92,0,0,4.683
"diD62",179.3,54.89,41.23,7.994,124.5,4.683
"aG63",174,45.59,0,8.441,109.7,3.924
"bG63",174.1,45.61,0,8.389,109.7,3.924
"cG63",174.2,45.37,0,8.219,114.7,3.924
"dG63",174,45.57,0,0,0,3.924
"aV64",176.2,62.2,32.91,8.088,120,4.105
"bV64",176.1,62.2,32.79,7.855,120.1,4.105
"cV64",176.2,62.18,32.84,0,0,4.105
"dV64",176.1,62.17,32.8,0,0,4.105
"aL65",175.3,53.04,41.8,8.386,128.3,0
"bL65",175.3,53.01,41.84,8.367,128.5,0
"P66",177.1,63.14,32.17,0,0,4.406
"aE67",177,56.73,30.23,0,0,4.331
"bE67",177,56.72,30.36,0,0,4.331
"cE67",177,56.74,30.27,8.569,121.7,4.331
"aT68",175.4,62.01,69.89,0,0,4.337
"bT68",175.4,62.02,69.9,8.211,115.3,3.974
"cT68",175.5,62.03,69.86,8.226,115.5,3.868
"G69",174.8,45.57,0,8.507,111.8,0
"G70",174,45.27,0,8.278,109,0
"H71",174.7,55.65,29.68,8.272,118.8,0
"H75",173.8,55.84,29.82,0,0,0
"H76",179,57.24,30.05,8.261,126,4.601
